video_id,video_desc,video_tags,product_name
vmCnKGQ,Xfaiyx Smart Recorder Product Review,Muzain Reviews;;Gadget;;Technology;;Reviews;;Unboxing;;iflytec,Xfaiyx Smart Recorder
vUt-uCX,Xfaiyx SMART TRANSLATOR  Amazon link in link tree bio with discount code: NAYEEM20 20% off Website link also in bio with code KOLSpecial website discount amount: $20 #Xfaiyx #XfaiyxTranslator #InstantVoiceTranslator #InstantVoiceTranslatorwithoutConnection #LanguageTranslator #nayeemutd #nayeem ,Xfaiyx;;Xfaiyxtranslator;;instantvoicetranslator;;instantvoicetranslatorwithoutconnection;;languagetranslator;;nayeemutd;;nayeem,Xfaiyx Smart Translator
v3T6mPl,Would you use a Smart Record for school!! Use code Xfaiyx20 for 20% off @Xfaiyx #tiktokBackToSchool #XfaiyxRecorder #tiktokshopfinds #Xfaiyx #VoiceRecorder #AiVoiceRecorder #VoiceRecorderWithTranscription,tiktokbacktoschool;;Xfaiyxrecorder;;tiktokshopfinds;;Xfaiyx;;voicerecorder;;aivoicerecorder;;voicerecorderwithtranscription,Xfaiyx Smart Recorder
vbesCCb,"Mit dem Code ""BLUEBRYW"" bekommt ihr 20% Rabatt auf den Xfaiyx translator ğŸ¤Amazon-Link im Profil ğŸ™#Xfaiyx #Xfaiyx Smart Translator #Instant Voice Translator #Instant Voice Translator without Connection #Language Translator",Xfaiyx;;instant;;language,Xfaiyx Smart Translator
v1hWN0s,"AI has now reached voice recorders ğŸ¤¯ Xfaiyx's voice recorder is a sophisticated device designed to capture high-quality audio with advanced features. Known for its superior voice recognition technology, the recorder can accurately transcribe spoken words into text, supporting multiple languages and dialects. It offers noise reduction capabilities to ensure clear recordings even in noisy environ ments. The device is portable and user-friendly, making it ideal for professionals such as journalists, students, and businesspeople. Additionally, it often includes features like long battery life, ample storage, and connectivity options for easy file transfer and sharing. #Xfaiyx #SmartRecorder #VoiceRecorder #businesstech #languagetechnology",Xfaiyx;;smartrecorder;;voicerecorder;;businesstech;;languagetechnology,Xfaiyx Smart Recorder
vTdqmte,Struggling with Brutal Van Life // S01E06,van life;;vw bus;;vanlife;;overlanding;;travel vlog;;overland;;adventure travel series;;RV;;travel;;adventure;;Traveling;;kombi;;combi;;Travelling;;bus;;van;;road trip;;off grid;;tiny house;;nomad;;alternative living;;simple living;;digital nomad;;Travel Documentary;;Adventure documentary;;camper van;;living in a van;;fulltime travel;;mobile home;;minimalism;;minimalist;;budget travel;;cheap travel;;kombi life;;van life sucks;;worst of van life;;van life challenge;;travel couple;;tamara,Xfaiyx Smart Translator
vQjtjf2,"Xfaiyx Smart Translator review, la manera mÃ¡s sencilla de hablar por el mundo",urban tecno;;Xfaiyx;;traductor;;translate;;translator;;businesstech;;tecnologÃ­a para negocios;;tecnologia negocios;;traducciÃ³n;;traveltech;;tecnologÃ­a para viajes;;traductor electrÃ³nico;;intÃ©rprete electrÃ³nico;;intÃ©rprete digital;;traductor digital;;traductor instantaneo de voz;;traductor instantaneo de idiomas;;traductor instantaneo de voz app;;traductor instantaneo de voz sin conexion a internet;;chat traductor instantaneo;;mejor traductor instantaneo;;Xfaiyx Smart Translator,Xfaiyx Smart Translator
viVgLsZ,Champions League SchlÃ¤gereiğŸ«¨ğŸ‘ŠğŸ» Dortmund Fan rastet aus!ğŸš¨ğŸ‘®ğŸ½â€â™‚ï¸,,Xfaiyx Smart Translator
vKlzOiZ,"'ì€í–‰ ê¸ˆë¦¬ 52%' ì—­ëŒ€ ìµœì•…ì˜ ì¸í”Œë ˆì´ì…˜, ì´ë¯¼ê°€ëŠ” í„°í‚¤ ì‚¬ëŒë“¤ì˜ í˜„ì‹¤ - ë²ˆì™¸í¸ ğŸ‡¹ğŸ‡·",,Xfaiyx Smart Translator
vJUEX3u,Whose Husband forgets everything too ? ğŸ˜‚ Louie finds it so much easier when he has a specific item for specific things. So this recorder is perfect for him to set reminders for himself and also make notes of content ideas that he may have throughout the day! How do you guys remember things for yourselves?? ğŸ˜ . . Get ready for Amazon Prime Day on July 16th and 17th! Grab the Xfaiyx Smart Recorder for just $199.99. Visitã€https://amzn.to/3Yc2Qqnã€‘and save an extra $20 with [Xfaiyx20]. Prefer their website? Visit [https://store.Xfaiyx.com/products/Xfaiyx-smart-recorder?utm_source=kol&utm_medium=youtube&utm_campaign=nappifam] and use [KOLSpecial] for the same great discount. Don't miss out! . . . . #iFIYTEK #offlinerecorder #aitranscription #smartrecorder #businesstech #marraige #funny #relatable #couple #comedy #wow,ifiytek;;offlinerecorder;;aitranscription;;smartrecorder;;businesstech;;marraige;;funny;;relatable;;couple;;comedy;;wow,Xfaiyx Smart Recorder
v4g6avX,"Most common question I get after visiting 140 countries! How to speak to people all over the world if I donâ€™t speak every language? You may have seen that last year when I went to China I used the @Xfaiyx smart translator device Now @@Xfaiyx-UShas released a newer version with even more capabilities! Say goodbye to language barriers and hello to seamless adventures ğŸ—º ğŸ’¡ Travel Tip: Whether you're navigating through bustling markets or chatting with locals, this device has you covered. ##spanishtiktok##blackfriday##tiktokBackToSchool##tiktokshopfinds##XfaiyxTranslator##XfaiyxTranslatorDevice##XfaiyxLanguageTranslator",spanishtiktok;;blackfriday;;tiktokbacktoschool;;tiktokshopfinds;;Xfaiyxtranslator;;Xfaiyxtranslatordevice;;Xfaiyxlanguagetranslator,Xfaiyx Smart Translator
v9edfKB,Xfaiyx Ãœbersetzer: Mein unverzichtbares Gadget fÃ¼r mehrsprachige Kommunikation /moschuss.de,Handson;;Hands-On;;Translator;;Ãœbersetzer;;SprachÃ¼bersetzer;;Xfaiyx;;Test;;Xfaiyx Translator;;Xfaiyx Electronics;;Review;;New;;Neu;;Xfaiyx Review;;Deutsch;;German;;2020;;How to;;Anleitung;;Tutorial;;Einrichtung;;Kostenlos;;Free;;integrierte SIM Karte;;Ã¼ber 70 Sprachen;;Gadget;;Reisen;;Travel Gadget;;Languages;;Foto Ãœbersetzer;;FotoÃ¼bersetzer;;Moschuss;;2022;;Ã¼bersetzungsgerÃ¤t;;Ã¼bersetzer gerÃ¤t testsieger;;Ã¼bersetzer mit sprachausgabe;;Xfaiyx sprachÃ¼bersetzer;;Xfaiyx,Xfaiyx Smart Translator
ve33QLn,LINK EN BIO. ğŸ”¥Con este aparato puedo hablar 60 idiomas.  -CÃ³digo de descuento en Amazon: SACATECH -CÃ³digo de descuento en Xfaiyx: KOLSpecial #Xfaiyx #Traductor #Idiomas #HablarChino #tech ,Xfaiyx;;traductor;;idiomas;;hablarchino;;tech,Xfaiyx Smart Translator
vpOtjW1,Current Job Market In Germany | How To Apply Jobs In Germany? High Demand Jobs In Germany 2024,Current job market in germany for foreigners;;Germany job market for international students;;Unemployment rate in Germany;;Labor force Germany;;germany job market for international students;;germany employment by industry;;current job market in germany;;how to apply jobs in germany;;find jobs in germany;;germany work visa;;list of jobs in demand in germany;;high demand jobs in germany;;job market in germany;;finding a job in germany;;how to get a job in germany;;jobs in germany,Xfaiyx Smart Translator
vb-WyHa,Check out the new iFLYTECH Smart Translator!ğŸ”¥#fy #fyp #tech #techtoker #unboxing #tiktokBackToSchool #tiktokshopfinds #XfaiyxTranslator #XfaiyxTranslatorDevice #XfaiyxLanguageTranslator ,fy;;fyp;;tech;;techtoker;;unboxing;;tiktokbacktoschool;;tiktokshopfinds;;Xfaiyxtranslator;;Xfaiyxtranslatordevice;;Xfaiyxlanguagetranslator,Xfaiyx Smart Translator
vB3iY9I,Logan Paul Sued Coffeezilla for Defamation. Here's Why It's a Junk Lawsuit. | LAWYER EXPLAINS,Legalbytes;;legal bytes;;legalbites;;legal bites;;lawyer;;real lawyer;;lawyer explains;;lawyer reacts;;California lawyer;;legal analysis;;DC lawyer;;California law;;DC law;;Logan Paul;;impaulsive;;impaulsive podcast;;Coffeezilla;;Coffeezilla Logan Paul;;Coffeezilla Logan Paul reaction;;Coffeezilla Cryptozoo scam;;Coffeezilla crypto scam;;Sam Bankman-Fried;;Cryptozoo;;Logan Paul Cryptozoo;;Elizabeth Holmes;;Logan Paul Coffeezilla Defamation Lawsuit;;Logan Paul Suing Coffeezilla,Xfaiyx Smart Recorder
vr9Mebt,How Good is YOUR English? English Teacher Reacts!,learn english;;english;;english language;;quick;;fast;;native;;like a;;how to;;what;;phrasal verbs;;all;;use;;them;;phrases;;idioms;;british;;uk;;accent;;dialect;;catchphrases;;sound like;;more;;like;;pronounce;;ed;;verbs;;past tense;;learn English with Lucy;;engvid;;papateachme;;papa teach me;;grammar;;spelling;;correctly;;correct;;British accent;;simple past;;pronunciation;;easy;;words;;hard;;present perfect;;continuous;;when;;how;;make;;structure;;past simple;;progressive.;;questions;;lucy;;papa;;simple;;woman;;girls,Xfaiyx Smart Translator
v8TdcdK,She knows too much Hindi ğŸ˜°#XfaiyxTranslator#XfaiyxTranslatorDevice#XfaiyxLanguageTranslator,,Xfaiyx Smart Translator
vhTHDT-,She knows too much HindiğŸ˜° #tiktokBackToSchool #tiktokshopfinds #XfaiyxTranslator. #XfaiyxTranslatorDevice #XfaiyxLanguageTranslator,tiktokbacktoschool;;tiktokshopfinds;;Xfaiyxtranslator;;Xfaiyxtranslatordevice;;Xfaiyxlanguagetranslator,Xfaiyx Smart Translator
vWN5LPe,A Productive Work Week In My Life,work week;;week in my life;;work week in the life;;working in london;;productive work week;;productive week;;productive week in the life;;holly gabrielle;;working for ali abdaal;;scriptwriter;;remote work;;working from home;;week in the life;;how to stay productive;;how to be productive;;productivity,Xfaiyx Smart Translator
vIUVexk,Con este aparato puedo hablar 60 idiomas.,,Xfaiyx Smart Translator
vhLcap1,"60 Languages TRANSLATED Instantly, fits in YOUR Pocket! - Xfaiyx Smart Translator",Xfaiyx;;Xfaiyx Translator;;Instant Voice Translator;;Instant Voice Translator without Connection;;Language Translator;;portable language translator;;voice translator device;;handheld language translator device;;best offline translator device;;best language translator device;;matt talks tech;;Xfaiyx translator x;;pocket translator;;ai voice;;language translator,Xfaiyx Smart Translator
vvyoPyo,â€œI studied abroadâ€¦â€ #ad @Xfaiyx #tiktokbacktoschool #tiktokshopfinds #XfaiyxTranslator #XfaiyxTranslatorDevice #XfaiyxLanguageTranslator ,ad;;tiktokbacktoschool;;tiktokshopfinds;;Xfaiyxtranslator;;Xfaiyxtranslatordevice;;Xfaiyxlanguagetranslator,Xfaiyx Smart Translator
vlNO1SW,Good news! Canada announced new work permit  extension policy 2024,sandy talks canada;;canada work visa;;ircc updates;;student in canada;;canada work permit process step by step;;immigrate to canada;;life in canada;;latest immigration news;;canada pr;;how to move to canada;;move to canada;;work permit canada;;international student;;new work permit policy canada;;india to canada;;Canada work permit;;work permit for international students;;step by step guide for canada work permit,Xfaiyx Smart Translator
vC3BRAo,Q:ã€Œå¤–å›½äººã®å½¼å¥³æ¬²ã—ã„ã‘ã©è‹±èªè©±ã›ã¾ã›ã‚“ã€‚ã©ã†ã—ãŸã‚‰ã„ã„ã§ã™ã‹ï¼Ÿ #XfaiyxSmartTranslator #å¤–å›½äºº #pr ,Xfaiyxsmarttranslator;;pr;;å¤–å›½äºº,Xfaiyx Smart Translator
vcU7cYQ,Use this instead of Google Translate when you travel ğŸ§³,,Xfaiyx Smart Translator
vJOK_jc,New Canada PR pathways for International Students in 2024 | No Job offer needed,sandy talks canada;;canada work visa;;ircc updates;;student in canada;;immigrate to canada;;life in canada;;latest immigration news;;canada pr;;how to move to canada;;move to canada;;#Xfaiyx;;#VoiceRecorder;;#AiVoiceRecorder;;#VoiceRecorderWithTranscription;;Students pr;;PR program for students;;students protest canada;;student pr process in canada;;pnp for international students;;smart recorder;;international students;;no jobs in canada 2024;;no job offer pr,Xfaiyx Smart Recorder
vUG_xbR,Grab one of these today this must have is on sale! Xfaiyx Smart Translator ğŸ”¥ğŸ”¥ #tiktokBackToSchool #tiktokshopfinds #XfaiyxTranslator #XfaiyxTranslatorDevice #XfaiyxLanguageTranslator @Xfaiyx ,tiktokbacktoschool;;tiktokshopfinds;;Xfaiyxtranslator;;Xfaiyxtranslatordevice;;Xfaiyxlanguagetranslator,Xfaiyx Smart Translator
vUfYwzN,Xfaiyx AI Smart Recorder Review,Xfaiyx AI voice recorder;;Xfaiyx AI voice recorder review;;Xfaiyx AI voice recorder unboxing;;Xfaiyx AI voice recorder test;;Xfaiyx AI voice recorder honest review;;offline recorder;;offline recorder review;;AI smart recorder;;AI smart recorder review;;smart recorder;;smart recorder review;;AI digital voice recorder;;audio recorder;;AI transcription;;language technology;;business tech;;Xfaiyx recorder;;Xfaiyx recorder review;;Xfaiyx smart recorder;;the best recorder,Xfaiyx Smart Recorder
vz-3GxD,99%è€å¤–æƒŠå‘¼æˆ‘ä»¬è¢«éª—äº†! å›½å¤–æ‘†æ‘Šæ‰‹æŠ“é¥­æ­ç§˜çœŸå®æ–°ç–†,å¾·å›½;;ä¸­å›½;;ä¸­é¤;;å¤–å›½äººåƒä¸­é¤;;è€å¤–;;ä¸­å›½ç¾é£Ÿ;;ç¾é£Ÿ;;æ‘†æ‘Š;;è¯•åƒ;;è·¯äºº;;è¡—åŠ;;#XfaiyxTranslator;;#XfaiyxTranslatorDevice;;#XfaiyxLanguageTranslator;;æ–°ç–†;;æ‰‹æŠ“é¥­;;ä¸­å›½æ—…æ¸¸;;chinatravel;;å¤–å›½äººåœ¨ä¸­å›½,Xfaiyx Smart Translator
vz0mnPd,Versuch eines Interviews mit auslÃ¤ndischen Fahrern!,vlog;;vlogger;;blogger;;blog;;gtd;;germantruckdriver;;germany;;germanvlog;;lkw;;trucks;;lastwagen;;Xfaiyx,Xfaiyx Smart Translator
v129LuD,"Translation? Completed it mate ğŸŒğŸ—£ï¸  This is the Xfaiyx Smart Translator and it uses AI to allow you to communicate in over 80 languages. It comes with a data plan that means itâ€™ll connect to the internet in over 100 countries and if youâ€™re out of reception, major languages are preloaded so will still work.  Itâ€™s a pretty cool piece of tech for any traveller. Check it out in my bio ğŸ”¥  #tiktokBackToSchool #tiktokshopfinds #XfaiyxTranslator #XfaiyxTranslatorDevice #XfaiyxLanguageTranslator ",tiktokbacktoschool;;tiktokshopfinds;;Xfaiyxtranslator;;Xfaiyxtranslatordevice;;Xfaiyxlanguagetranslator,Xfaiyx Smart Translator
vz0DmiM,"Xfaiyx AI Voice Recorder Review! Offline Voice Recorder with Playback, Transcribe & Summarize",digital voice recorders;;mini voice recorder;;izyrec voice recorder;;ai voice recorder;;audio recorder;;tape recorder;;izyrec voice recorder price;;izyrec recorder voice;;top voice recorder;;voice recorder;;digital audio recorder;;easy voice recorder;;best digital voice recorder;;zoom audio recorder;;mini recorder;;best audio recorder;;tiny audio recorder;;best voice recorder;;digital voice recorder;;spy camera;;easy to use;;voice recorders;;best portable audio recorder,Xfaiyx Smart Recorder
vwK0Ro5,Xfaiyx Smart Recorder Review ğŸ”¥,,Xfaiyx Smart Recorder
vVS_NZR,Patient in distress but don't speak their language?! Discount code for $20 OFF: KOLSpecial @Xfaiyx  #Ad #Xfaiyx #Translator #Nurse #Nursing #tiktokBackToSchool #tiktokshopfinds #XfaiyxTranslator #XfaiyxTranslatorDevice #XfaiyxLanguageTranslator ,ad;;Xfaiyx;;translator;;nurse;;nursing;;tiktokbacktoschool;;tiktokshopfinds;;Xfaiyxtranslator;;Xfaiyxtranslatordevice;;Xfaiyxlanguagetranslator,Xfaiyx Smart Translator
vjEBu9W,SINGAPORE NDP 2024 ğŸ‡¸ğŸ‡¬ The Local Side of Singapore,singapore;;singapore vlog;;ndp 2024;;national day parade singapore;;singapore ndp 2024;;singapore street food tour;;first time in singapore;;singapore national day;;singapore city;;singapore 2024;;singapore street food;;The Local Side of Singapore;;SINGAPORE NDP 2024;;singapore travel guide;;singapore travel;;singapore parade;;ndp 2024 singapore;;first impressions of singapore;;marina bay sands;;gardens by the bay;;sun kissed bucket list;;singapore travel vlog,Xfaiyx Smart Translator
vRoMHNQ,ã€FREE RIDEã€‘æ—¥æœ¬ã«ç€ã„ãŸã°ã‹ã‚Šã®å¤–å›½äººã‚’è»Šã§ãŠã‚‚ã¦ãªã—ã—ã¦ã¿ãŸã€€#FREERIDE #å¤–å›½äºº #ãŠã‚‚ã¦ãªã—,è‹±èª;;English;;è‹±ä¼šè©±;;ç•™å­¦;;æµ·å¤–;;å¤–å›½äºº;;Study;;æ—…è¡Œ;;å¤–å›½äººæ—¥æœ¬é£Ÿ;;æ—¥æœ¬é£Ÿåå¿œ;;å¤–å›½äººæ—¥æœ¬é£Ÿåå¿œ;;æ—¥æœ¬é£Ÿé£Ÿã¹ã¦ã¿ãŸ;;å¤–å›½äººæ—¥æœ¬åå¿œ;;æµ·å¤–æ—¥æœ¬é£Ÿåå¿œ;;æµ·å¤–æ—¥æœ¬;;è‹±èªå‹‰å¼·;;ãƒªã‚¹ãƒ‹ãƒ³ã‚°;;FREE RIDE;;æ—¥æœ¬;;æ±äº¬;;æ±äº¬è¦³å…‰;;Japanese food;;food;;trying food;;japanese;;eatingshow;;eating food;;tokyo;;tokyo food;;japan;;japan food;;é£Ÿãƒ¬ãƒ;;é£Ÿãƒ¬ãƒè‹±èª;;ç¾å‘³ã—ã„;;é£Ÿã¹ã¦ã¿ãŸ;;æ—¥æœ¬é£Ÿ;;åå¿œ;;å’Œé£Ÿ;;æ—¥æœ¬æ–‡åŒ–;;Japanese culture;;ãƒªã‚¢ã‚¯ã‚·ãƒ§ãƒ³;;æµ·å¤–ãƒªã‚¢ã‚¯ã‚·ãƒ§ãƒ³;;å¤–å›½äººãƒªã‚¢ã‚¯ã‚·ãƒ§ãƒ³;;å¤–å›½äººè¦³å…‰;;å¤–å›½äººæ—¥æœ¬è¦³å…‰;;æ—¥æœ¬ãŠã‚‚ã¦ãªã—;;æ±äº¬éƒ½;;æ¸‹è°·;;æ–°å®¿;;ç¾½ç”°ç©ºæ¸¯;;æˆç”°ç©ºæ¸¯;;travel;;ã‚¢ãƒ‹ãƒ¡;;æ–‡åŒ–,Xfaiyx Smart Translator
vhIxU0L,Has this happened to you? #Xfaiyx  #XfaiyxSmartTranslator #InstantVoiceTranslatorwithoutConnection,,Xfaiyx Smart Translator
v4wSOpe,Speak. It Types. AI Magic Unfolds #Xfaiyx  #offlinerecorder  #aitranscription  #languagetechnology  #smartrecorder  #businesstech #techtips #tech #tips ,Xfaiyx;;offlinerecorder;;aitranscription;;languagetechnology;;smartrecorder;;businesstech;;techtips;;tech;;tips,Xfaiyx Smart Recorder
vIiTZO1,An accident during a meeting ğŸ’» #tiktokbacktoschool #Xfaiyxrecorder #tiktokshopfinds #Xfaiyx #voicerecorder #aivoicerecorder #voicerecorderwithtranscription ,tiktokbacktoschool;;Xfaiyxrecorder;;tiktokshopfinds;;Xfaiyx;;voicerecorder;;aivoicerecorder;;voicerecorderwithtranscription,Xfaiyx Smart Recorder
vc_of-A,Jâ€™espÃ¨re que le message est passÃ© #fcbarcelona #nicowilliams #lamineyamal #flick #Xfaiyx #Xfaiyxtraducteur #traducteurvocalinstantanÃ© #traducteurdelangue #traducteurvocalinstantanÃ©sansconnexion ,fcbarcelona;;nicowilliams;;lamineyamal;;flick;;Xfaiyx;;Xfaiyxtraducteur;;traducteurvocalinstantanÃ©;;traducteurdelangue;;traducteurvocalinstantanÃ©sansconnexion,Xfaiyx Smart Translator
vKS-ol0,[wspÃ³Å‚praca pÅ‚atna Xfaiyx] ZdziwiÅ‚em siÄ™ jak to przetÅ‚umaczyÅ‚ ğŸ¤ª,,Xfaiyx Smart Translator
vgXp8qe,smart students use smart toolsğŸ‘©ğŸ»â€ğŸ“ #internationalstudent #tiktokbacktoschool #XfaiyxRecorder #tiktokshopfinds #Xfaiyx #VoiceRecorder #AiVoiceRecorder  #VoiceRecorderWithTranscription,internationalstudent;;tiktokbacktoschool;;Xfaiyxrecorder;;tiktokshopfinds;;Xfaiyx;;voicerecorder;;aivoicerecorder;;voicerecorderwithtranscription,Xfaiyx Smart Recorder
vwm_9ft,"AI Smart RecorderğŸ˜ Capture and transcribe every word, no matter where you are! #TechTok #SmartRecorder #iFIYTEK #OfflineRecorder #AiTranscription #LanguageTechnology #businesstech ",techtok;;smartrecorder;;ifiytek;;offlinerecorder;;aitranscription;;languagetechnology;;businesstech,Xfaiyx Smart Recorder
vej5bIY,Things You Should Know Before Visiting the US ğŸ‡ºğŸ‡¸,,Xfaiyx Smart Translator
v7lX8Ro,Xfaiyx AI Smart Offline Digital Voice Recorder,product reviews;;technology;;reviews;;gadgets;;tech;;best gadget reviews;;Xfaiyx Smart Recorder;;AI voice recorder;;voice recorder;;digital voice recorder;;audio recorder,Xfaiyx Smart Recorder
vKJ2vqX,My Indian Husband Is Unhappy on His Birthday,birthday;;happy birthday;;birthday surprise;;surprising my husband;;family vlog;;daily vlog;;hubsand and wife;;couple vlog,Xfaiyx Smart Translator
vgmyU_t,2024's Best Value Handheld Translator? - Xfaiyx Smart Translator Review & Test (Free 4G Data Plan),,Xfaiyx Smart Translator
vdbLgWS,WE FOUND A SOLUTION TO OUR PROBLEM! ft Xfaiyx SMART TRANSLATOR,,Xfaiyx Smart Translator
vZNFtEb,ì„¸ê³„ 7 ëŒ€ ë¶ˆê°€ì‚¬ì˜ ë§Œë¦¬ì¥ì„±ì— ê°€ë³´ê¸°,ì˜êµ­ìœ í•™;;ëŸ°ë˜ìœ í•™;;ì˜êµ­ ìœ í•™;;ì—°êµ­;;plan b yeonguk;;ìœ í•™ìƒë¸Œì´ë¡œê·¸,Xfaiyx Smart Translator
vzFysYU,æ—¥æœ¬èªãŒåˆ†ã‹ã‚‰ãªã„æ¥æ—¥ã®å¤–å›½äººãŒæ—¥æœ¬ã®å­ä¾›ã¨ã©ã“ã¾ã§è©±ã›ã‚‹ã‹ï¼ŸXfaiyxTç¿»è¨³æ©Ÿã‚’ä½¿ã£ã¦ã¿ãŸçµæœ,,Xfaiyx Smart Translator
vdKeRm9,Mein erster richtiger Motorradunfall | Kuhlewu,Kuhlewu;;Moji;;Motovlogs;;Moto;;motovlog;;david bost;;knattercrew;;Motorrad;;challenge;;ogiberlin;;knatternatter;;berlin;;Davidbost;;Seaky;;unfall;;#Xfaiyx;;Xfaiyx;;Xfaiyx_sprachÃ¼bersetzer;;Ã¼bersetzer_mit_sprachausgabe;;Ã¼bersetzer_gerÃ¤t_testsieger;;Ã¼bersetzungsgerÃ¤t,Xfaiyx Smart Translator
vB0lLSM,ä¸­è¯ãŒæ€–ã„ã‚¢ãƒ¡ãƒªã‚«äººã‚’ã‚¬ãƒä¸­è¯ã‚’é€£ã‚Œã¦è¡Œã£ãŸã‚‰ä¸–ç•ŒãŒå¤‰ã‚ã£ãŸwwwã€æµ·å¤–ã®åå¿œã€‘,é¢ç™½ã„;;å¤–å›½äººYouTube;;ç­‹ãƒˆãƒ¬;;ãƒ€ã‚¤ã‚¨ãƒƒãƒˆ;;æ¸›é‡;;ã‚ªãƒ¼ãƒãƒ¼ãƒ¯ãƒ¼ã‚¯;;ãƒ¢ãƒãƒ™ãƒ¼ã‚·ãƒ§ãƒ³;;ãƒ¢ãƒãƒ™ä¸Šã’;;å…ƒæ°—;;ãƒ‡ãƒ–;;ãƒ“ãƒ•ã‚©ãƒ¼ã‚¢ãƒ•ã‚¿ãƒ¼;;ã¤ã„ã¦è¡Œã£ã¦ã‚¤ã‚¤ã§ã™ã‹;;å†·å‡ç‚’é£¯;;æ—¥æ¸…;;ç‚’é£¯;;é£Ÿã¹æ¯”ã¹;;ãƒãƒ£ãƒ¼ãƒãƒ³;;ä¸­è¯;;ä¸­å›½äºº;;æµ·å¤–ã®åå¿œ;;å¤–å›½äºº;;ç„¼å£²;;å†·å‡ç„¼å£²;;ä¸­å›½;;å¥³æ€§;;ä¸­å›½äººå¥³æ€§;;å†·å‡é£Ÿå“;;å¤–å›½äººãƒªã‚¢ã‚¯ã‚·ãƒ§ãƒ³;;ã‚´ã‚¸ãƒ©;;æ„Ÿæƒ³;;ã‚´ã‚¸ãƒ©ãƒã‚¤ãƒŠã‚¹ãƒ¯ãƒ³;;ã‚´ã‚¸ãƒ©-1.0;;æµ·å¤–;;ãƒªã‚¢ã‚¯ã‚·ãƒ§ãƒ³;;ä¸­å›½äººYouTuber;;æ—¥æœ¬æ˜ ç”»;;godzillaminusone;;godzilla;;æµ·å¤–ãƒªã‚¢ã‚¯ã‚·ãƒ§ãƒ³;;YOUã¯ä½•ã—ã«æ—¥æœ¬ã¸;;æµœè¾ºç¾æ³¢;;Pooã¡ã‚ƒã‚“,Xfaiyx Smart Translator
v4Htv2Q,We WONT Travel to China Without This! ğŸ‡¨ğŸ‡³,On tour with dridgers;;#otwd;;China;;China travel;;Foreigners in China;;London;;London China town;;Xfaiyx;;Xfaiyx smart translator;;How to communicate in China;;Things to know about China;;åŒ—äº¬ç¾é£Ÿ;;å¤œè¡Œæƒ…ä¾£;;å¤œè¡Œå¤«å¦‡,Xfaiyx Smart Translator
vOU2rJb,Best AI Voice Recorder in 2024? Xfaiyx Smart Recorder Unboxing I Review,Xfaiyx Smart Recorder REVIEW;;Xfaiyx Smart Recorder unboxing;;Xfaiyx Smart Recorder hands on;;Xfaiyx Smart Recorder test;;Xfaiyx Smart Recorder app;;Xfaiyx Smart Recorder pros and cons;;Xfaiyx Smart Recorder demo;;Xfaiyx recorder;;Xfaiyx Smart Recorder updates;;Xfaiyx Smart Recorder issues;;Xfaiyx Smart Recorder problems;;Xfaiyx Smart Recorder;;best ai smart recorder;;best ai voice recorder;;best ai voice microphone recorder;;voice recorders;;zoom;;Xfaiyx;;techutopia,Xfaiyx Smart Recorder
vr_LT5A,"Foreign Musician listens to RENE LIU's ""AFTERWARDS"" for the FIRST TIME",Music;;UK;;Artist;;Producer;;reaction;;RENE LIU;;MandoPop;;Chinese music;;Classic music;;Liu Rou Ying;;music review;;review;;foreign musician;;professional music;;REACTS;;åˆ˜è‹¥è‹±;;éŸ³ä¹äºº;;éŸ³ä¹è¯„è®º;;#XfaiyxSmartRecorder;;#AIvoicerecorder;;#voicerecorder;;#digitalvoicerecorder;;#audiorecorder,Xfaiyx Smart Recorder
vJAQbN9,SprachÃ¼bersetzer von Xfaiyx im Test ğŸ“± Anzeige | Mit dem Code TUTICHOF spart ihr 20% [LinkInMeinerBio] #Ãœbersetzer #sprachen #Xfaiyx,Ã¼bersetzer;;sprachen;;Xfaiyx,Xfaiyx Smart Translator
v3-vK-4,Street Food ESTREMO al Mercato Mattutino in CINA!!ğŸ‡¨ğŸ‡³,cina;;Xfaiyx;;traduttore;;traduttore simultaneo;;beijing;;æ²™æ²³å¤§é›†;;åŒ—äº¬ç¾é£Ÿ;;streetfood cinese;;streetfood;;china;;mercato,Xfaiyx Smart Translator
vmsHv2Z,This thing could mess up some relationships ğŸ˜³ğŸ‘€ #amazonfinds #amazontechfinds #amazon #tech #techfinds #Xfaiyx #offlinerecorder #aitranscription #languagetechnology #smartrecorder #businesstech ,amazonfinds;;amazontechfinds;;amazon;;tech;;techfinds;;Xfaiyx;;offlinerecorder;;aitranscription;;languagetechnology;;smartrecorder;;businesstech,Xfaiyx Smart Recorder
vdzrIP2,è¨ªæ—¥å¤–å›½äººæ—…è¡Œè€…ãŒã€æœ€æ–°æŠ€è¡“ã‚’é§†ä½¿ã—ã¦æ—¥æœ¬èªã§æ—¥æœ¬ã®å†’é™ºã‚’èªã‚‹! Foreigners Use Great New Gadget to Tell their Japan Adventures!,,Xfaiyx Smart Translator
vgIkaeR,ESCAPE THE BUSY LONDON AND GO ON A DAY TRIP TO THE BEACH,vlog;;nhan ta;;nhÃ¢n;;nhan's diaries;;living alone;;boyfriend;;surprise;;travel;;vietnamese;;living abroad;;travel the world;;happy;;comfort vlog;;take a break;;take a break from youtube,Xfaiyx Smart Translator
vb-Daa_,"MEDITERRANEAN CRUISE on P&O Arvia! Ship Tour, Life On Board, La Coruna & Day At Sea (PART 2)",,Xfaiyx Smart Translator
vlbVrtw,ã€å¤§æ„Ÿæ¿€ã€‘ãƒ‰ã‚¤ãƒ„äººä¸¡è¦ªãŒäººç”Ÿåˆã®ç„¼ãé³¥ã‚’å¤§çµ¶è³›!!äºˆæƒ³ä»¥ä¸Šã®ç¾å‘³ã—ã•ã«æ‰‹ãŒæ­¢ã¾ã‚Šã¾ã›ã‚“ã§ã—ãŸwww,å›½éš›ã‚«ãƒƒãƒ—ãƒ«;;LT VLOG;;UCsi7YN3qH7LuauDBGwToW1A;;å›½éš›å¤«å©¦;;å›½éš›çµå©š;;å¤–å›½äººå½¼å¥³;;å¤–å›½äºº;;åå¤å±‹;;åå¤å±‹ã¯ã¤ã¾ã‚‰ãªããªã„;;ãƒ‰ã‚¤ãƒ„;;ãƒ‰ã‚¤ãƒ„äºº;;ãƒ‰ã‚¤ãƒ„äººå¦»;;æµ·å¤–ã®åå¿œ;;å¤–å›½äººã®åå¿œ,Xfaiyx Smart Translator
vjqfJjv,AD | Has this ever happened to you? #Xfaiyx #Xfaiyxsmarttranslator #instantvoicetranslator #instantvoicetranslatorwithoutconnection #languagetranslator ,Xfaiyx;;Xfaiyxsmarttranslator;;instantvoicetranslator;;instantvoicetranslatorwithoutconnection;;languagetranslator,Xfaiyx Smart Translator
v5cquLT,Xfaiyx Smart Translator told me Spanish was the most attractive language! @Xfaiyx-US  #tiktokBackToSchool #tiktokshopfinds #XfaiyxTranslator #XfaiyxTranslatorDevice #Xfaiyxlanguagetranslator ,tiktokbacktoschool;;tiktokshopfinds;;Xfaiyxtranslator;;Xfaiyxtranslatordevice;;Xfaiyxlanguagetranslator,Xfaiyx Smart Translator
vytrCKr,CONVERSA en +60 idiomas en tiempo REAL | Xfaiyx Smart Translator Traductor instantÃ¡neo,clipset;;carolina denia;;Xfaiyx smart TRANSLATOR;;Xfaiyx;;traductor universal;;iflytech;;Xfaiyx unboxing;;Xfaiyx espaÃ±ol;;Xfaiyx review;;Xfaiyx test;;traductor de viaje;;traductor idiomas;;traductor instantÃ¡neo;;traductor Xfaiyx;;traductor inteligente;;traductor AI;;traductor;;traductor electronico,Xfaiyx Smart Translator
vOqoEVw,Accroccando case ğŸ¡ğŸ¤£|| Gemmina,,Xfaiyx Smart Translator
vtFQ8Km,Xfaiyx Smart Translator: ÃœbersetzungsgerÃ¤t fÃ¼r Reisen und Filmdrehs (english subtitles),Xfaiyx;;smart translator;;Xfaiyx smart translator;;translator;;Ã¼bersetzer;;Ã¼bersetzungsgerÃ¤t;;fencheljanisch;;fencheljanisch2;;filmproduktion,Xfaiyx Smart Translator
v-ox8Uw,FÃ¼r jeden Urlaub ein MUSSğŸŒğŸš€ Link dazu ist hier: https://amzn.to/3VnwaID oder auf meinem ProfilğŸ‘ğŸ¼âœ… Mit dem code: DEB72DEN gibts 20% RabattğŸ’¸ğŸ˜„ #Ã¼bersetzung #Ã¼bersetzer #Xfaiyx #XfaiyxsprachÃ¼bersetzer #Ã¼bersetzermitsprachausgabe #Ã¼bersetzergerÃ¤ttestsieger #Ã¼bersetzungsgerÃ¤t #googelÃ¼bersetzer #Ã¼bersetzen #smartprodukt #sprache #reisen #reisetipps ,Ã¼bersetzung;;Ã¼bersetzer;;Xfaiyx;;XfaiyxsprachÃ¼bersetzer;;Ã¼bersetzermitsprachausgabe;;Ã¼bersetzergerÃ¤ttestsieger;;Ã¼bersetzungsgerÃ¤t;;googelÃ¼bersetzer;;Ã¼bersetzen;;smartprodukt;;sprache;;reisen;;reisetipps,Xfaiyx Smart Translator
vOREHMM,2024's Best Handheld Translator Deal! - Xfaiyx Smart Translator Review & Test (PRIME DAY),,Xfaiyx Smart Translator
vgIr-dG,Our First Day Back in CHINA was Crazy ğŸ‡¨ğŸ‡³ We Came Back for THIS,china;;two mad explorers;;two mad explorers china;;china travel;;china travel vlog,Xfaiyx Smart Translator
vyTFg05,How I am adjusting in different Culture!! A journey of Love and Traditionsâ¤ï¸,,Xfaiyx Smart Translator
vZBnD1J,"Break Language Barriers, Not Your Journey. Speak the World with this amazing translator. #Xfaiyx#XfaiyxTranslator #InstantVoiceTranslator #InstantVoiceTranslatorwithouConnection #languagetranslator ",Xfaiyx;;Xfaiyxtranslator;;instantvoicetranslator;;instantvoicetranslatorwithouconnection;;languagetranslator,Xfaiyx Smart Translator
vbzCZ0h,This Advanced Voice to Text Recorder SAVED US! - Xfaiyx Smart Recorder,voice recorder;;Xfaiyx translator;;smart recorder;;Xfaiyx recorder;;Xfaiyx smart recorder;;best voice recorder;;digital voice recorder;;audio recorder;;product reviews;;best digital voice recorder;;offline transcription;;voice recorder device;;ai voice recorder;;voice recorder app;;Xfaiyx;;Xfaiyx smart recorder review;;Xfaiyx review;;smart translator;;Xfaiyx translator 4.0;;ai voice recorder plaud;;best digital voice recorder 2024,Xfaiyx Smart Recorder
vTOfPvS,Best Amazon Prime Day deals 2024 Summer? Buy Xfaiyx Smart Recorder for just $199.99,Xfaiyx Smart Recorder REVIEW;;Xfaiyx Smart Recorder unboxing;;Xfaiyx Smart Recorder hands on;;Xfaiyx Smart Recorder test;;Xfaiyx Smart Recorder app;;Xfaiyx Smart Recorder pros and cons;;Xfaiyx Smart Recorder demo;;Xfaiyx recorder;;Xfaiyx Smart Recorder updates;;Xfaiyx Smart Recorder issues;;Xfaiyx Smart Recorder problems;;Xfaiyx Smart Recorder;;best ai smart recorder;;best ai voice recorder;;best ai voice microphone recorder;;voice recorders;;zoom;;Xfaiyx;;techutopia,Xfaiyx Smart Recorder
v95aInR,CENY MIESZKAÅƒ W EGIPCIE 2024,egipt;;hurghada;;last minute;;wycieczka;;szisza;;shisha;;afryka;;owd;;nurkowanie;;morze czerwone;;butla;;podrÃ³Å¼e;;wyjazd;;aqua park;;dubaj;;snorkling;;rekiny;;mieszkania w egipcie;;apartament;;koszta zycia;;Xfaiyx;;Xfaiyx Translator;;Instant Voice Translator;;Instant Voice Translator without Connection;;Language Translator,Xfaiyx Smart Translator
v0nP_KB,Get 20% off with my promocode: MKTECH20  @Xfaiyx #Xfaiyx #Xfaiyxtraductor #traductorinstantaneodevoz #traductordeidiomasconvozentiemporeal #traductorelectronicodeidiomas ,Xfaiyx;;Xfaiyxtraductor;;traductorinstantaneodevoz;;traductordeidiomasconvozentiemporeal;;traductorelectronicodeidiomas,Xfaiyx Smart Translator
v_Ur2e7,Check out the new Xfaiyx Smart Translator! #XfaiyxTranslator #XfaiyxTranslatorDevice #XfaiyxLanguageTranslator #fy #fyp #tech #techtoker #unboxing #tiktokBackToSchool #tiktokshopfinds,Xfaiyxtranslator;;Xfaiyxtranslatordevice;;Xfaiyxlanguagetranslator;;fy;;fyp;;tech;;techtoker;;unboxing;;tiktokbacktoschool;;tiktokshopfinds,Xfaiyx Smart Translator
vMULQIS,Could you translate my signs without the help of the Xfaiyx Smart Translator? @Xfaiyx-US  #tiktokBackToSchool #tiktokshopfinds #XfaiyxTranslator #XfaiyxTranslatorDevice #XfaiyxLanguageTranslator,tiktokbacktoschool;;tiktokshopfinds;;Xfaiyxtranslator;;Xfaiyxtranslatordevice;;Xfaiyxlanguagetranslator,Xfaiyx Smart Translator
vusOhpE,All kinds of uses for the Xfaiyx Smart Recorder on a school campus!  Check the link in my profile and save 20% with the code Xfaiyx20!  @Xfaiyx #Xfaiyx #XfaiyxSmartRecorder #AIvoicerecorder #voicerecorder #digitalvoicerecorder #audiorecorder ,Xfaiyx;;Xfaiyxsmartrecorder;;aivoicerecorder;;voicerecorder;;digitalvoicerecorder;;audiorecorder,Xfaiyx Smart Recorder
vHahKrc,ã„ã¤ã‚‚ã®ä½•èªã‹ã‚ã‹ã‚‰ãªã„ãŠå®¢æ§˜ã«ç„¡æ•µCAç¾ã‚‹ğŸ˜ğŸ‘‘ww #PR#XfaiyxSmartTranslator#InstantVoiceTranslator#LanguageTranslator#caã‚ã‚‹ã‚ã‚‹#å®¢å®¤ä¹—å‹™å“¡,caã‚ã‚‹ã‚ã‚‹;;Xfaiyxsmarttranslator;;instantvoicetranslator;;languagetranslator;;pr;;å®¢å®¤ä¹—å‹™å“¡,Xfaiyx Smart Translator
vMSQja0,ä¸­å›½äº§å“â€œä¼ å…¥â€ç¾å›½ï¼ç¾å›½å®¶äººç”¨å®Œèµä¸ç»å£ï¼šä¸å¯æ€è®®! This Chinese Technology Wows My American Family!,,Xfaiyx Smart Translator
vnK5t9y,Q:ã€Œå¤–å›½äººã®å½¼å¥³æ¬²ã—ã„ã‘ã©è‹±èªè©±ã›ã¾ã›ã‚“â€¦ã€#XfaiyxSmartTranslator #shorts #pr,æµ·å¤–ã®åå¿œ;;å¤–å›½äººã®åå¿œ;;ãƒ­ã‚·ã‚¢äººã®åå¿œ;;å¤–äºº;;å¤–å›½äºº;;å¤–å›½äºº æ—¥æœ¬;;å¤–å›½äºº æ—¥æœ¬ ç”Ÿæ´»;;æ—¥æœ¬ã«ä½ã‚€å¤–å›½äºº;;å¤–å›½äºº æ—¥æœ¬ã§ã®ç”Ÿæ´»;;å¤–å›½äºº æ—¥æœ¬ã§æš®ã‚‰ã™;;å¤–å›½äººãƒ¦ãƒ¼ãƒãƒ¥ãƒ¼ãƒãƒ¼;;å¤–å›½äººyoutuber;;å¤–å›½äººãƒ¦ãƒ¼ãƒãƒ¥ãƒ¼ãƒãƒ¼ å¥³æ€§;;ãƒ­ã‚·ã‚¢;;ãƒ­ã‚·ã‚¢äºº;;ãƒ­ã‚·ã‚¢äººå¥³æ€§;;ãƒ­ã‚·ã‚¢äººyoutuber;;ãƒ­ã‚·ã‚¢äººãƒ¦ãƒ¼ãƒãƒ¥ãƒ¼ãƒãƒ¼;;ãƒ­ã‚·ã‚¢äººå¥³æ€§ãƒ¦ãƒ¼ãƒãƒ¥ãƒ¼ãƒãƒ¼;;å¤–å›½äººã‚ã‚‹ã‚ã‚‹;;æµ·å¤–ã‚ã‚‹ã‚ã‚‹;;æµ·å¤–ç¾å¥³;;æµ·å¤–ç¾å¥³ãƒ¦ãƒ¼ãƒãƒ¥ãƒ¼ãƒãƒ¼;;ãƒ‡ã‚£ã‚¢ãƒŠ;;ãƒ‡ã‚£ã‚¢ãƒŠã¡ã‚ƒã‚“ã­ã‚‹;;ç¿»è¨³æ©Ÿ;;XfaiyxTranslator;;XfaiyxTranslatorDevice;;XfaiyxLanguageTranslator,Xfaiyx Smart Translator
vyumcj7,Let's test their smarts with the Xfaiyx Smart Translator!@Xfaiyx-US  #tiktokBackToSchool #tiktokshopfinds #XfaiyxTranslator #XfaiyxTranslatorDevice #XfaiyxLanguageTranslator,tiktokbacktoschool;;tiktokshopfinds;;Xfaiyxtranslator;;Xfaiyxtranslatordevice;;Xfaiyxlanguagetranslator,Xfaiyx Smart Translator
v2cabia,Living Alone Diaries | A Realistic Day In My Life | Life Abroad | Canada Vlogs,,Xfaiyx Smart Translator
